"","nameFirst","nameLast","birthDate","birthCountry","weight","height","bats","batting_average","slugging_average","gdp_per_capita"
"1","Kurt","Abbott",1969-06-02,"United States",180,71,"R",0.253125,0.001337890625,29967.7127181749
"2","Terry","Adams",1973-03-06,"United States",180,75,"R",0,0,29967.7127181749
"3","Mike","Aldrete",1961-01-29,"United States",180,71,"L",0.15,0.01,29967.7127181749
"4","Mike","Aldrete",1961-01-29,"United States",180,71,"L",0.25,0.00670415224913495,29967.7127181749
"5","Jermaine","Allensworth",1972-01-11,"United States",178,72,"R",0.262008733624454,0.00165900726530768,29967.7127181749
"6","Moises","Alou",1966-07-03,"United States",185,75,"R",0.281481481481481,0.000847050754458162,29967.7127181749
"7","Garvin","Alston",1971-12-08,"United States",185,74,"R",0,0,29967.7127181749
"8","Tavo","Alvarez",1971-11-25,"Mexico",245,75,"R",0.5,0.125,4412.11634488536
"9","Rich","Amaral",1962-04-01,"United States",175,72,"R",0.291666666666667,0.00114028599605523,29967.7127181749
"10","Ruben","Amaro",1965-02-12,"United States",170,70,"B",0.316239316239316,0.00387172182043977,29967.7127181749
"11","Brady","Anderson",1964-01-18,"United States",170,73,"L",0.29706390328152,0.00110070068995141,29967.7127181749
"12","Garret","Anderson",1972-06-30,"United States",190,75,"L",0.28500823723229,0.000667663638658268,29967.7127181749
"13","Shane","Andrews",1971-08-28,"United States",215,73,"R",0.226666666666667,0.00114488888888889,29967.7127181749
"14","Eric","Anthony",1967-11-08,"United States",195,74,"L",0.24390243902439,0.00396589331746976,29967.7127181749
"15","Eric","Anthony",1967-11-08,"United States",195,74,"L",0.241935483870968,0.00754422476586889,29967.7127181749
"16","Alex","Arias",1967-11-20,"United States",185,75,"R",0.276785714285714,0.00171396683673469,29967.7127181749
"17","George","Arias",1972-03-12,"United States",190,71,"R",0.238095238095238,0.00138573948097758,29967.7127181749
"18","Andy","Ashby",1967-07-11,"United States",180,73,"R",0.244444444444444,0.00790123456790123,29967.7127181749
"19","Billy","Ashley",1970-07-11,"United States",220,79,"R",0.2,0.0043801652892562,29967.7127181749
"20","Rich","Aude",1971-07-13,"United States",180,77,"R",0.25,0.015625,29967.7127181749
"21","Rich","Aurilia",1971-09-02,"United States",170,72,"R",0.238993710691824,0.000929551837348206,29967.7127181749
"22","Brad","Ausmus",1969-04-14,"United States",190,71,"R",0.181208053691275,0.00153146254673213,29967.7127181749
"23","Brad","Ausmus",1969-04-14,"United States",190,71,"R",0.247787610619469,0.00156629336674759,29967.7127181749
"24","Steve","Avery",1970-04-14,"United States",180,76,"L",0.239130434782609,0.0108695652173913,29967.7127181749
"25","Joe","Ayrault",1971-10-08,"United States",190,75,"R",0.2,0.04,29967.7127181749
"26","Jeff","Bagwell",1968-05-27,"United States",195,72,"R",0.315140845070423,0.0010042650267804,29967.7127181749
"27","Cory","Bailey",1971-01-24,"United States",195,72,"R",0,0,29967.7127181749
"28","Roger","Bailey",1970-10-03,"United States",180,73,"R",0.263157894736842,0.0277008310249307,29967.7127181749
"29","Harold","Baines",1959-03-15,"United States",175,74,"L",0.311111111111111,0.00101622283440465,29967.7127181749
"30","Brian","Banks",1970-09-28,"United States",200,75,"B",0.571428571428571,0.183673469387755,29967.7127181749
"31","Bret","Barberie",1967-08-16,"United States",185,71,"B",0.0344827586206897,0.00475624256837099,29967.7127181749
"32","Tony","Barron",1966-08-17,"United States",185,72,"R",0,0,29967.7127181749
"33","Kimera","Bartee",1972-07-21,"United States",175,72,"B",0.253456221198157,0.00140160122321561,29967.7127181749
"34","Rich","Batchelor",1967-04-08,"United States",195,73,"R",0,0,29967.7127181749
"35","Jason","Bates",1971-01-05,"United States",170,71,"B",0.20625,0.001796875,29967.7127181749
"36","Kim","Batiste",1968-03-15,"United States",175,72,"R",0.207692307692308,0.00248520710059172,29967.7127181749
"37","Allen","Battle",1968-11-29,"United States",170,72,"R",0.192307692307692,0.00183431952662722,29967.7127181749
"38","Howard","Battle",1972-03-25,"United States",210,72,"R",0,0,29967.7127181749
"39","Trey","Beamon",1974-02-11,"United States",195,75,"L",0.215686274509804,0.00499807766243752,29967.7127181749
"40","Rich","Becker",1972-02-01,"United States",180,70,"L",0.291428571428571,0.000827210884353741,29967.7127181749
"41","Rod","Beck",1968-08-03,"United States",215,73,"R",0.333333333333333,0.111111111111111,29967.7127181749
"42","Matt","Beech",1972-01-20,"United States",190,74,"L",0.0714285714285714,0.00510204081632653,29967.7127181749
"43","Tim","Belk",1970-04-06,"United States",200,75,"R",0.2,0.0133333333333333,29967.7127181749
"44","David","Bell",1972-09-14,"United States",170,70,"R",0.213793103448276,0.00190249702734839,29967.7127181749
"45","Derek","Bell",1968-12-11,"United States",200,74,"R",0.263157894736842,0.000666447908956093,29967.7127181749
"46","Albert","Belle",1966-08-25,"United States",190,73,"R",0.31063122923588,0.0010347567907639,29967.7127181749
"47","Jay","Bell",1965-12-11,"United States",180,73,"R",0.250474383301708,0.000741730247831519,29967.7127181749
"48","Marvin","Benard",1971-01-20,"Nicaragua",180,70,"L",0.247950819672131,0.000676061542596076,908.632506474851
"49","Alan","Benes",1972-01-21,"United States",215,77,"R",0.147540983606557,0.00322493953238377,29967.7127181749
"50","Andy","Benes",1967-08-20,"United States",235,78,"R",0.150684931506849,0.00281478701444924,29967.7127181749
"51","Mike","Benjamin",1965-11-22,"United States",195,75,"R",0.223300970873786,0.00395890281836177,29967.7127181749
"52","Gary","Bennett",1972-04-17,"United States",190,72,"R",0.25,0.015625,29967.7127181749
"53","Sean","Bergman",1970-04-11,"United States",205,76,"R",0.1,0.00666666666666667,29967.7127181749
"54","Sean","Berry",1966-03-22,"United States",200,71,"R",0.280742459396752,0.00114125139291886,29967.7127181749
"55","Dante","Bichette",1963-11-18,"United States",215,75,"R",0.312796208530806,0.000838555587999671,29967.7127181749
"56","Mike","Bielecki",1959-07-31,"United States",195,75,"R",0.1,0.01,29967.7127181749
"57","Craig","Biggio",1965-12-14,"United States",185,71,"R",0.287603305785124,0.000685745509186531,29967.7127181749
"58","Willie","Blair",1965-12-18,"United States",185,73,"R",0,0,29967.7127181749
"59","Jeff","Blauser",1965-11-08,"United States",170,72,"R",0.245283018867925,0.00158063367746529,29967.7127181749
"60","Ron","Blazier",1971-07-30,"United States",215,78,"R",1,1,29967.7127181749
"61","Mike","Blowers",1965-04-24,"Germany",190,74,"R",0.264984227129338,0.00124391724467355,30485.8665482279
"62","Joe","Boever",1960-10-04,"United States",200,73,"R",0,0,29967.7127181749
"63","Tim","Bogar",1966-10-28,"United States",198,74,"R",0.213483146067416,0.00290367377856331,29967.7127181749
"64","Wade","Boggs",1958-06-15,"United States",190,74,"L",0.311377245508982,0.000776889335102251,29967.7127181749
"65","Barry","Bonds",1964-07-24,"United States",185,73,"L",0.307543520309478,0.00118972348282196,29967.7127181749
"66","Bobby","Bonilla",1963-02-23,"United States",210,75,"B",0.287394957983193,0.00082480050843867,29967.7127181749
"67","Bret","Boone",1969-04-06,"United States",180,70,"R",0.232692307692308,0.000680473372781065,29967.7127181749
"68","Josh","Booty",1975-04-29,"United States",210,75,"R",0.5,0.25,29967.7127181749
"69","Pat","Borders",1963-05-14,"United States",190,74,"R",0.318840579710145,0.00525099768956102,29967.7127181749
"70","Pat","Borders",1963-05-14,"United States",190,74,"R",0.228070175438596,0.00677131425053863,29967.7127181749
"71","Pat","Borders",1963-05-14,"United States",190,74,"R",0.276595744680851,0.00407424173834314,29967.7127181749
"72","Mike","Bordick",1965-07-21,"United States",170,71,"R",0.24,0.000605895691609977,29967.7127181749
"73","Toby","Borland",1969-05-29,"United States",186,78,"R",0,0,29967.7127181749
"74","Joe","Borowski",1971-05-04,"United States",225,74,"R",0,0,29967.7127181749
"75","Ricky","Bottalico",1969-08-26,"United States",200,73,"L",0.333333333333333,0.222222222222222,29967.7127181749
"76","Kent","Bottenfield",1968-11-14,"United States",225,75,"R",0.5,0.25,29967.7127181749
"77","Steve","Bourgeois",1972-08-04,"United States",205,73,"R",0.272727272727273,0.0413223140495868,29967.7127181749
"78","Brent","Bowers",1971-05-02,"United States",200,75,"L",0.307692307692308,0.00920447074293228,29967.7127181749
"79","Terry","Bradshaw",1969-02-03,"United States",180,72,"L",0.333333333333333,0.018140589569161,29967.7127181749
"80","Darren","Bragg",1969-09-07,"United States",180,69,"L",0.271794871794872,0.00231426692965155,29967.7127181749
"81","Darren","Bragg",1969-09-07,"United States",180,69,"L",0.252252252252252,0.00164353542731921,29967.7127181749
"82","Jeff","Branson",1967-01-26,"United States",180,72,"L",0.244372990353698,0.00131305507594008,29967.7127181749
"83","Jeff","Brantley",1963-09-05,"United States",180,71,"R",0,0,29967.7127181749
"84","Brent","Brede",1971-09-13,"United States",190,76,"L",0.3,0.02,29967.7127181749
"85","Doug","Brocail",1967-05-16,"United States",220,77,"L",0,0,29967.7127181749
"86","Rico","Brogna",1970-04-18,"United States",205,74,"L",0.25531914893617,0.00229176097781802,29967.7127181749
"87","Jerry","Brooks",1967-03-23,"United States",195,72,"R",0.4,0.16,29967.7127181749
"88","Scott","Brosius",1966-08-15,"United States",200,73,"R",0.303738317757009,0.00120643724342737,29967.7127181749
"89","Brant","Brown",1971-06-22,"United States",220,75,"L",0.304347826086957,0.00777147658055031,29967.7127181749
"90","Kevin","Brown",1965-03-14,"United States",195,76,"R",0.12,0.00177777777777778,29967.7127181749
"91","Kevin","Brown",1973-04-21,"United States",200,74,"R",0,0,29967.7127181749
"92","Jacob","Brumfield",1965-05-27,"United States",170,72,"R",0.25,0.00546875,29967.7127181749
"93","Jacob","Brumfield",1965-05-27,"United States",170,72,"R",0.256493506493506,0.00145471411705178,29967.7127181749
"94","Damon","Buford",1970-06-12,"United States",170,70,"R",0.282758620689655,0.00323424494649227,29967.7127181749
"95","Jay","Buhner",1964-08-13,"United States",220,75,"R",0.271276595744681,0.000987123384135607,29967.7127181749
"96","Scott","Bullett",1968-12-25,"United States",200,74,"L",0.212121212121212,0.00179981634527089,29967.7127181749
"97","Jim","Bullinger",1965-08-21,"United States",185,74,"R",0.25,0.0166015625,29967.7127181749
"98","Dave","Burba",1966-07-07,"United States",220,76,"R",0.104477611940299,0.0028959679215861,29967.7127181749
"99","John","Burkett",1964-11-28,"United States",175,74,"R",0.173076923076923,0.00406804733727811,29967.7127181749
"100","John","Burke",1970-02-09,"United States",220,76,"B",0.5,0.25,29967.7127181749
"101","Ellis","Burks",1964-09-11,"United States",175,74,"R",0.3442088091354,0.00104319408998613,29967.7127181749
"102","Jeromy","Burnitz",1969-04-15,"United States",190,72,"L",0.28125,0.00408935546875,29967.7127181749
"103","Jeromy","Burnitz",1969-04-15,"United States",190,72,"L",0.236111111111111,0.00520833333333333,29967.7127181749
"104","Mike","Busby",1972-12-27,"United States",210,76,"R",0.5,0.25,29967.7127181749
"105","Mike","Busch",1968-07-07,"United States",245,77,"R",0.216867469879518,0.0049354042676731,29967.7127181749
"106","Brett","Butler",1957-06-15,"United States",160,70,"L",0.267175572519084,0.00221432317464017,29967.7127181749
"107","Paul","Byrd",1970-12-03,"United States",185,73,"R",0,0,29967.7127181749
"108","Mike","Cameron",1973-01-08,"United States",210,74,"R",0.0909090909090909,0.00826446280991736,29967.7127181749
"109","Ken","Caminiti",1963-04-21,"United States",200,72,"B",0.326007326007326,0.00113714124703136,29967.7127181749
"110","Mike","Campbell",1964-02-17,"United States",210,75,"R",0.363636363636364,0.0495867768595041,29967.7127181749
"111","Casey","Candaele",1961-01-12,"United States",160,69,"B",0.25,0.00826446280991736,29967.7127181749
"112","Tom","Candiotti",1957-08-31,"United States",205,75,"R",0.0888888888888889,0.00197530864197531,29967.7127181749
"113","John","Cangelosi",1963-03-10,"United States",150,68,"B",0.263358778625954,0.00132568032165958,29967.7127181749
"114","Jay","Canizaro",1973-07-04,"United States",170,69,"R",0.2,0.0025,29967.7127181749
"115","Jose","Canseco",1964-07-02,"Cuba",240,76,"R",0.288888888888889,0.0016358024691358,2286.92738187011
"116","Dan","Carlson",1970-01-26,"United States",185,73,"R",0,0,29967.7127181749
"117","Chuck","Carr",1967-08-10,"United States",155,70,"B",0.273584905660377,0.00355998576005696,29967.7127181749
"118","Mark","Carreon",1963-07-19,"United States",170,72,"R",0.26027397260274,0.00153640457872021,29967.7127181749
"119","Mark","Carreon",1963-07-19,"United States",170,72,"R",0.323943661971831,0.00317397341797262,29967.7127181749
"120","Joe","Carter",1960-03-07,"United States",215,75,"R",0.2528,0.00076032,29967.7127181749
"121","Frank","Castillo",1969-04-01,"United States",180,73,"R",0.087719298245614,0.0015389350569406,29967.7127181749
"122","Vinny","Castilla",1967-07-04,"Mexico",175,73,"R",0.303656597774245,0.000872002648866018,4412.11634488536
"123","Juan","Castro",1972-06-20,"Mexico",190,71,"R",0.196969696969697,0.00212350780532599,4412.11634488536
"124","Jason","Christiansen",1969-09-21,"United States",230,77,"R",0,0,29967.7127181749
"125","Archi","Cianfrocco",1966-10-06,"United States",200,77,"R",0.28125,0.00214301215277778,29967.7127181749
"126","Jeff","Cirillo",1969-09-23,"United States",190,74,"R",0.325088339222615,0.000889635280750165,29967.7127181749
"127","Dave","Clark",1962-09-03,"United States",200,74,"L",0.274881516587678,0.00220120841849914,29967.7127181749
"128","Dave","Clark",1962-09-03,"United States",200,74,"L",0.2,0.0133333333333333,29967.7127181749
"129","Mark","Clark",1968-05-12,"United States",225,77,"R",0.0434782608695652,0.000840159630329763,29967.7127181749
"130","Phil","Clark",1968-05-06,"United States",180,72,"R",0,0,29967.7127181749
"131","Tony","Clark",1972-06-15,"United States",205,80,"B",0.25,0.00133686057039384,29967.7127181749
"132","Will","Clark",1964-03-13,"United States",190,74,"L",0.284403669724771,0.00099949499200404,29967.7127181749
"133","Royce","Clayton",1970-01-02,"United States",175,72,"R",0.276985743380855,0.000754932989327239,29967.7127181749
"134","Roger","Clemens",1962-08-04,"United States",205,76,"R",1,1,29967.7127181749
"135","Brad","Clontz",1971-04-25,"United States",180,73,"R",0,0,29967.7127181749
"136","Alan","Cockrell",1962-12-05,"United States",210,74,"R",0.25,0.046875,29967.7127181749
"137","Greg","Colbrunn",1969-07-26,"United States",190,72,"R",0.285714285714286,0.000857839852022626,29967.7127181749
"138","Alex","Cole",1965-08-17,"United States",170,74,"L",0.222222222222222,0.00443672839506173,29967.7127181749
"139","Vince","Coleman",1961-09-22,"United States",170,72,"B",0.154761904761905,0.00269274376417234,29967.7127181749
"140","Jeff","Conine",1966-06-27,"United States",205,73,"R",0.293132328308208,0.000810866167801599,29967.7127181749
"141","Steve","Cooke",1970-01-14,"United States",225,78,"R",0,0,29967.7127181749
"142","Ron","Coomer",1966-11-18,"United States",195,71,"R",0.296137339055794,0.00219197259113264,29967.7127181749
"143","Francisco","Cordova",1972-04-26,"Mexico",190,70,"R",0.125,0.0078125,4412.11634488536
"144","Marty","Cordova",1969-07-10,"United States",200,72,"R",0.309314586994728,0.000840125895336375,29967.7127181749
"145","Carlos","Crawford",1971-10-04,"United States",190,73,"R",0,0,29967.7127181749
"146","Doug","Creek",1969-03-01,"United States",205,70,"L",0,0,29967.7127181749
"147","Jacob","Cruz",1973-01-28,"United States",175,72,"L",0.233766233766234,0.00505987518974532,29967.7127181749
"148","Chad","Curtis",1968-11-06,"United States",175,70,"R",0.2625,0.00098125,29967.7127181749
"149","Chad","Curtis",1968-11-06,"United States",175,70,"R",0.211538461538462,0.00305103550295858,29967.7127181749
"150","Milt","Cuyler",1968-10-07,"United States",175,70,"B",0.2,0.00272727272727273,29967.7127181749
"151","Johnny","Damon",1973-11-05,"United States",205,74,"L",0.270793036750484,0.000710841074642054,29967.7127181749
"152","Danny","Darwin",1955-10-25,"United States",185,75,"R",0.205128205128205,0.00986193293885602,29967.7127181749
"153","Danny","Darwin",1955-10-25,"United States",185,75,"R",0.1,0.01,29967.7127181749
"154","Doug","Dascenzo",1964-06-30,"United States",150,67,"B",0.111111111111111,0.0123456790123457,29967.7127181749
"155","Darren","Daulton",1962-01-03,"United States",195,74,"L",0.166666666666667,0.0138888888888889,29967.7127181749
"156","Chili","Davis",1960-01-17,"Jamaica",195,75,"B",0.292452830188679,0.00093627625489498,2879.65819301448
"157","Eric","Davis",1962-05-29,"United States",165,74,"R",0.286746987951807,0.00125997967774713,29967.7127181749
"158","Russ","Davis",1969-09-13,"United States",170,72,"R",0.233532934131737,0.00225895514360501,29967.7127181749
"159","Andre","Dawson",1954-07-10,"United States",180,75,"R",0.275862068965517,0.00713436385255648,29967.7127181749
"160","Steve","Decker",1965-10-25,"United States",205,75,"R",0.229508196721311,0.00214995968825585,29967.7127181749
"161","Steve","Decker",1965-10-25,"United States",205,75,"R",0.32,0.0208,29967.7127181749
"162","Rob","Deer",1960-09-29,"United States",210,75,"R",0.18,0.0096,29967.7127181749
"163","Rich","DeLucia",1964-10-07,"United States",185,72,"R",0.25,0.0625,29967.7127181749
"164","Delino","DeShields",1969-01-15,"United States",170,73,"L",0.223752151462995,0.000512499962969656,29967.7127181749
"165","Elmer","Dessens",1971-01-13,"Mexico",200,71,"R",0.4,0.08,4412.11634488536
"166","Mike","Devereaux",1963-04-10,"United States",195,72,"R",0.229102167182663,0.00108311207813743,29967.7127181749
"167","Mark","Dewey",1965-01-03,"United States",185,72,"R",0,0,29967.7127181749
"168","Alex","Diaz",1968-10-05,"United States",175,71,"B",0.240506329113924,0.00384553757410671,29967.7127181749
"169","Einar","Diaz",1972-12-28,"Panama",165,70,"R",0,0,3529.85222210421
"170","Mike","Difelice",1969-05-28,"United States",205,74,"R",0.285714285714286,0.0612244897959184,29967.7127181749
"171","Jerry","Dipoto",1968-05-24,"United States",203,74,"R",0,0,29967.7127181749
"172","Gary","Disarcina",1967-11-19,"United States",170,73,"R",0.255597014925373,0.000647415905546892,29967.7127181749
"173","Brian","Dorsett",1961-04-09,"United States",215,75,"R",0.121951219512195,0.00475907198096371,29967.7127181749
"174","David","Doster",1970-10-08,"United States",185,70,"R",0.266666666666667,0.00353741496598639,29967.7127181749
"175","Doug","Drabek",1962-07-25,"United States",185,73,"R",0.178571428571429,0.00350765306122449,29967.7127181749
"176","Darren","Dreifort",1972-05-03,"United States",205,74,"R",0,0,29967.7127181749
"177","Todd","Dunn",1970-07-29,"United States",220,77,"R",0.3,0.04,29967.7127181749
"178","Shawon","Dunston",1963-03-21,"United States",175,73,"R",0.299651567944251,0.0014204373004407,29967.7127181749
"179","Mike","Durant",1969-09-14,"United States",200,74,"R",0.209876543209877,0.00304831580551745,29967.7127181749
"180","Ray","Durham",1971-11-30,"United States",170,68,"B",0.274685816876122,0.000728447150514587,29967.7127181749
"181","Jermaine","Dye",1974-01-28,"United States",210,76,"R",0.280821917808219,0.00157158941640083,29967.7127181749
"182","Mike","Dyer",1966-09-08,"United States",195,75,"R",0,0,29967.7127181749
"183","Lenny","Dykstra",1963-02-10,"United States",160,70,"L",0.261194029850746,0.00311873468478503,29967.7127181749
"184","Damion","Easley",1969-11-11,"United States",155,71,"R",0.155555555555556,0.00691358024691358,29967.7127181749
"185","Damion","Easley",1969-11-11,"United States",155,71,"R",0.343283582089552,0.00668300289596792,29967.7127181749
"186","Angel","Echevarria",1971-05-25,"United States",215,76,"R",0.285714285714286,0.0136054421768707,29967.7127181749
"187","Dennis","Eckersley",1954-10-03,"United States",190,74,"R",0,0,29967.7127181749
"188","Jim","Edmonds",1970-06-27,"United States",190,73,"L",0.303944315545244,0.00132428227668886,29967.7127181749
"189","Robert","Eenhoorn",1968-02-09,"Netherlands",170,75,"R",0.0714285714285714,0.00510204081632653,29006.8094454171
"190","Robert","Eenhoorn",1968-02-09,"Netherlands",170,75,"R",0.266666666666667,0.0177777777777778,29006.8094454171
"191","Joey","Eischen",1970-05-25,"United States",190,73,"L",0,0,29967.7127181749
"192","Jim","Eisenreich",1959-04-18,"United States",180,71,"L",0.36094674556213,0.00140926438149925,29967.7127181749
"193","Kevin","Elster",1964-08-03,"United States",180,74,"R",0.252427184466019,0.000897351305495334,29967.7127181749
"194","John","Ericks",1967-09-16,"United States",220,79,"R",0,0,29967.7127181749
"195","Darin","Erstad",1974-06-04,"United States",195,74,"L",0.283653846153846,0.00180288461538462,29967.7127181749
"196","Bobby","Estalella",1974-08-23,"United States",200,73,"R",0.352941176470588,0.041522491349481,29967.7127181749
"197","Shawn","Estes",1973-02-18,"United States",185,74,"R",0.157894736842105,0.00831024930747922,29967.7127181749
"198","Carl","Everett",1971-06-03,"United States",181,72,"B",0.239583333333333,0.00160047743055556,29967.7127181749
"199","Jorge","Fabregas",1970-03-13,"United States",205,75,"L",0.28740157480315,0.00131750263500527,29967.7127181749
"200","Rikkert","Faneyte",1969-05-31,"Netherlands",170,72,"R",0.2,0.04,29006.8094454171
"201","Mike","Farmer",1968-07-03,"United States",193,73,"B",0.4,0.04,29967.7127181749
"202","Sal","Fasano",1971-08-10,"United States",220,74,"R",0.202797202797203,0.00239620519340799,29967.7127181749
"203","Jeff","Fassero",1963-01-05,"United States",180,73,"L",0.09375,0.00146484375,29967.7127181749
"204","Osvaldo","Fernandez",1966-11-04,"Cuba",190,74,"R",0.087719298245614,0.0015389350569406,2286.92738187011
"205","Sid","Fernandez",1962-10-12,"United States",220,73,"L",0.105263157894737,0.00831024930747922,29967.7127181749
"206","Cecil","Fielder",1963-09-21,"United States",230,75,"R",0.248081841432225,0.00122317357945068,29967.7127181749
"207","Cecil","Fielder",1963-09-21,"United States",230,75,"R",0.26,0.002475,29967.7127181749
"208","Steve","Finley",1965-03-12,"United States",175,74,"L",0.297709923664122,0.000811141541868189,29967.7127181749
"209","John","Flaherty",1967-10-21,"United States",195,73,"R",0.25,0.00268351800554017,29967.7127181749
"210","John","Flaherty",1967-10-21,"United States",195,73,"R",0.303030303030303,0.00170741505968779,29967.7127181749
"211","Darrin","Fletcher",1966-10-03,"United States",195,74,"L",0.266497461928934,0.00105001417197042,29967.7127181749
"212","Bryce","Florie",1970-05-21,"United States",185,72,"R",0,0,29967.7127181749
"213","Cliff","Floyd",1972-12-05,"United States",220,77,"L",0.242290748898678,0.00186302858584486,29967.7127181749
"214","Chad","Fonville",1971-03-05,"United States",155,66,"B",0.203980099502488,0.00116333754114997,29967.7127181749
"215","Brook","Fordyce",1970-05-07,"United States",185,73,"R",0.285714285714286,0.0612244897959184,29967.7127181749
"216","Tony","Fossas",1957-09-23,"Cuba",195,72,"L",0,0,2286.92738187011
"217","Kevin","Foster",1969-01-13,"United States",160,73,"R",0.296296296296296,0.0192043895747599,29967.7127181749
"218","Andy","Fox",1971-01-12,"United States",205,76,"L",0.195767195767196,0.0013997368494723,29967.7127181749
"219","John","Franco",1960-09-17,"United States",170,70,"L",0,0,29967.7127181749
"220","Matt","Franco",1969-08-19,"United States",200,74,"L",0.193548387096774,0.0104058272632674,29967.7127181749
"221","Lou","Frazier",1965-01-26,"United States",175,74,"B",0.26,0.0068,29967.7127181749
"222","Marvin","Freeman",1963-04-10,"United States",200,79,"R",0.121951219512195,0.00297441998810232,29967.7127181749
"223","Jeff","Frye",1966-08-31,"United States",180,69,"R",0.286396181384248,0.000928452218886883,29967.7127181749
"224","Travis","Fryman",1969-03-25,"United States",180,73,"R",0.267857142857143,0.00070890959689661,29967.7127181749
"225","Gary","Gaetti",1958-08-19,"United States",180,72,"R",0.273946360153257,0.000906475242583051,29967.7127181749
"226","Greg","Gagne",1961-11-12,"United States",185,71,"R",0.254672897196262,0.000851602760066381,29967.7127181749
"227","Mike","Gallego",1960-10-31,"United States",160,68,"R",0.20979020979021,0.00156486869773583,29967.7127181749
"228","Ron","Gant",1965-03-02,"United States",172,72,"R",0.24582338902148,0.00120186146125848,29967.7127181749
"229","Karim","Garcia",1975-10-29,"Mexico",210,72,"L",0,0,4412.11634488536
"230","Nomar","Garciaparra",1973-07-23,"United States",165,72,"R",0.241379310344828,0.00541683181397807,29967.7127181749
"231","Mark","Gardner",1962-03-01,"United States",190,73,"R",0.161764705882353,0.00259515570934256,29967.7127181749
"232","Webster","Garrison",1965-08-24,"United States",170,71,"R",0,0,29967.7127181749
"233","Brent","Gates",1970-03-14,"United States",180,73,"B",0.263157894736842,0.00154075628186005,29967.7127181749
"234","Jason","Giambi",1971-01-08,"United States",240,75,"L",0.291044776119403,0.000898028514145689,29967.7127181749
"235","Steve","Gibralter",1972-10-09,"United States",185,72,"R",0,0,29967.7127181749
"236","Benji","Gil",1972-10-06,"Mexico",210,74,"R",0.4,0.08,4412.11634488536
"237","Brian","Giles",1971-01-20,"United States",195,71,"L",0.355371900826446,0.00505429956970152,29967.7127181749
"238","Bernard","Gilkey",1966-09-24,"United States",170,72,"R",0.316987740805604,0.000984538754328443,29967.7127181749
"239","Ed","Giovanola",1969-03-04,"United States",170,70,"L",0.231707317073171,0.00312314098750744,29967.7127181749
"240","Joe","Girardi",1964-10-14,"United States",195,71,"R",0.293838862559242,0.000887221760517509,29967.7127181749
"241","Doug","Glanville",1970-08-25,"United States",170,74,"R",0.240963855421687,0.00435476847147627,29967.7127181749
"242","Tom","Glavine",1966-03-25,"United States",175,72,"L",0.289473684210526,0.00450138504155125,29967.7127181749
"243","Jerry","Goff",1964-04-12,"United States",205,75,"L",0.5,0.3125,29967.7127181749
"244","Chris","Gomez",1971-06-16,"United States",183,73,"R",0.2421875,0.00238037109375,29967.7127181749
"245","Chris","Gomez",1971-06-16,"United States",183,73,"R",0.26219512195122,0.00105034205829863,29967.7127181749
"246","Alex","Gonzalez",1973-04-08,"United States",180,72,"R",0.235294117647059,0.000741730247831519,29967.7127181749
"247","Luis","Gonzalez",1967-09-03,"United States",180,74,"L",0.271221532091097,0.000917317147400863,29967.7127181749
"248","Rene","Gonzales",1960-09-03,"United States",180,75,"R",0.217391304347826,0.00354442344045369,29967.7127181749
"249","Curtis","Goodwin",1972-09-30,"United States",180,71,"L",0.227941176470588,0.00183823529411765,29967.7127181749
"250","Tom","Goodwin",1968-07-27,"United States",165,73,"L",0.282442748091603,0.000630062350678865,29967.7127181749
"251","Mark","Grace",1964-06-28,"United States",190,74,"L",0.330895795246801,0.000832194218756789,29967.7127181749
"252","Mike","Grace",1970-06-20,"United States",210,76,"R",0.137931034482759,0.00475624256837099,29967.7127181749
"253","Tony","Graffanino",1972-06-06,"United States",175,73,"R",0.173913043478261,0.00519848771266541,29967.7127181749
"254","Craig","Grebeck",1964-12-29,"United States",160,68,"R",0.210526315789474,0.00265927977839335,29967.7127181749
"255","Charlie","Greene",1971-01-23,"United States",170,73,"R",0,0,29967.7127181749
"256","Mike","Greenwell",1963-07-18,"United States",170,72,"L",0.294915254237288,0.00149382361390405,29967.7127181749
"257","Shawn","Green",1972-11-10,"United States",190,76,"L",0.279620853080569,0.00106129691606208,29967.7127181749
"258","Todd","Greene",1971-05-08,"United States",195,70,"R",0.189873417721519,0.00352507610959782,29967.7127181749
"259","Willie","Greene",1971-09-23,"United States",180,71,"L",0.24390243902439,0.00172394954412461,29967.7127181749
"260","Rusty","Greer",1969-01-21,"United States",190,72,"L",0.33210332103321,0.000976974714396591,29967.7127181749
"261","Ken","Griffey",1969-11-21,"United States",195,75,"L",0.302752293577982,0.00115141823078865,29967.7127181749
"262","Marquis","Grissom",1967-04-17,"United States",190,71,"R",0.30849478390462,0.00072849873734289,29967.7127181749
"263","Mark","Grudzielanek",1970-06-30,"United States",185,73,"R",0.305936073059361,0.000604657951252059,29967.7127181749
"264","Mark","Guthrie",1965-09-22,"United States",192,76,"R",0,0,29967.7127181749
"265","Ricky","Gutierrez",1970-05-23,"United States",175,73,"R",0.284403669724771,0.0015781499873748,29967.7127181749
"266","Chris","Gwynn",1964-10-13,"United States",200,72,"L",0.177777777777778,0.00283950617283951,29967.7127181749
"267","Tony","Gwynn",1960-05-09,"United States",185,71,"L",0.352549889135255,0.000978362938235308,29967.7127181749
"268","John","Habyan",1964-01-29,"United States",195,73,"R",0,0,29967.7127181749
"269","Dave","Hajek",1967-10-14,"United States",165,70,"R",0.3,0.04,29967.7127181749
"270","Chip","Hale",1964-12-02,"United States",190,71,"L",0.275862068965517,0.00422777117188532,29967.7127181749
"271","Mel","Hall",1960-09-16,"United States",185,72,"L",0.12,0.0048,29967.7127181749
"272","Bob","Hamelin",1967-11-29,"United States",240,73,"L",0.255230125523013,0.00182069641637927,29967.7127181749
"273","Darryl","Hamilton",1964-12-03,"United States",180,73,"L",0.293460925039872,0.000607942939849261,29967.7127181749
"274","Joey","Hamilton",1970-09-09,"United States",220,76,"R",0.161764705882353,0.00346020761245675,29967.7127181749
"275","Chris","Hammond",1966-01-21,"United States",190,73,"L",0.0666666666666667,0.00444444444444444,29967.7127181749
"276","Jeffrey","Hammonds",1971-03-05,"United States",195,72,"R",0.225806451612903,0.00154461498439126,29967.7127181749
"277","Mike","Hampton",1972-09-09,"United States",185,70,"R",0.238095238095238,0.00623582766439909,29967.7127181749
"278","Ryan","Hancock",1971-11-11,"United States",215,74,"R",1,1,29967.7127181749
"279","Todd","Haney",1965-07-30,"United States",165,69,"R",0.134146341463415,0.00178465199286139,29967.7127181749
"280","Dave","Hansen",1968-11-24,"United States",180,72,"L",0.221153846153846,0.0022189349112426,29967.7127181749
"281","Jason","Hardtke",1971-09-15,"United States",175,70,"B",0.192982456140351,0.00492459218220991,29967.7127181749
"282","Pete","Harnisch",1966-09-23,"United States",195,73,"B",0.0909090909090909,0.00198347107438017,29967.7127181749
"283","Lenny","Harris",1964-10-28,"United States",195,70,"L",0.28476821192053,0.00133766062891978,29967.7127181749
"284","Dean","Hartgraves",1966-08-12,"United States",185,72,"R",0,0,29967.7127181749
"285","Bill","Haselman",1966-05-25,"United States",205,75,"R",0.274261603375527,0.0018515551282736,29967.7127181749
"286","Scott","Hatteberg",1969-12-14,"United States",192,73,"L",0.181818181818182,0.0247933884297521,29967.7127181749
"287","Ryan","Hawblitzel",1971-04-30,"United States",170,74,"R",0,0,29967.7127181749
"288","Charlie","Hayes",1965-05-29,"United States",190,72,"R",0.248366013071895,0.000802160612489973,29967.7127181749
"289","Charlie","Hayes",1965-05-29,"United States",190,72,"R",0.283582089552239,0.00623746936957006,29967.7127181749
"290","Rick","Helling",1970-12-15,"United States",215,75,"R",0.111111111111111,0.0123456790123457,29967.7127181749
"291","Rickey","Henderson",1958-12-25,"United States",180,70,"R",0.240860215053763,0.000739969938721239,29967.7127181749
"292","Doug","Henry",1963-12-10,"United States",185,76,"R",0,0,29967.7127181749
"293","Livan","Hernandez",1975-02-20,"Cuba",245,74,"R",1,1,2286.92738187011
"294","Xavier","Hernandez",1965-08-16,"United States",185,74,"L",0,0,29967.7127181749
"295","Phil","Hiatt",1969-05-01,"United States",200,75,"R",0.19047619047619,0.0136054421768707,29967.7127181749
"296","Bobby","Higginson",1970-08-18,"United States",180,71,"L",0.320454545454545,0.00131198347107438,29967.7127181749
"297","Glenallen","Hill",1965-03-22,"United States",210,75,"R",0.279683377308707,0.00131578031342026,29967.7127181749
"298","Denny","Hocking",1970-04-02,"United States",180,70,"B",0.196850393700787,0.00210800421600843,29967.7127181749
"299","Trevor","Hoffman",1967-10-13,"United States",200,73,"R",0,0,29967.7127181749
"300","Chris","Hoiles",1965-03-20,"United States",195,72,"R",0.257985257985258,0.00116511418722721,29967.7127181749
"301","Aaron","Holbert",1973-01-09,"United States",160,72,"R",0,0,29967.7127181749
"302","Todd","Hollandsworth",1973-04-20,"United States",193,74,"L",0.290794979079498,0.000914724882267467,29967.7127181749
"303","Dave","Hollins",1966-05-25,"United States",195,73,"B",0.241706161137441,0.000937759708901417,29967.7127181749
"304","Dave","Hollins",1966-05-25,"United States",195,73,"B",0.351063829787234,0.00509280217292893,29967.7127181749
"305","Darren","Holmes",1966-04-25,"United States",199,72,"R",0,0,29967.7127181749
"306","Chris","Holt",1971-09-18,"United States",205,76,"R",0,0,29967.7127181749
"307","Rick","Honeycutt",1954-06-29,"United States",185,73,"L",0,0,29967.7127181749
"308","Chris","Hook",1968-08-04,"United States",230,77,"R",0.5,0.25,29967.7127181749
"309","John","Hope",1970-12-21,"United States",195,75,"R",0.2,0.04,29967.7127181749
"310","Dwayne","Hosey",1967-03-11,"United States",175,70,"B",0.217948717948718,0.00427350427350427,29967.7127181749
"311","Tyler","Houston",1971-01-17,"United States",210,74,"L",0.222222222222222,0.0178326474622771,29967.7127181749
"312","Tyler","Houston",1971-01-17,"United States",210,74,"L",0.339130434782609,0.00393194706994329,29967.7127181749
"313","David","Howard",1967-02-26,"United States",165,72,"B",0.219047619047619,0.00072562358276644,29967.7127181749
"314","Matt","Howard",1967-09-22,"United States",165,70,"R",0.203703703703704,0.0051440329218107,29967.7127181749
"315","Thomas","Howard",1964-12-11,"United States",200,74,"B",0.272222222222222,0.00119598765432099,29967.7127181749
"316","Jack","Howell",1961-08-18,"United States",180,72,"L",0.26984126984127,0.00403124212648022,29967.7127181749
"317","Mike","Hubbard",1971-02-16,"United States",180,73,"R",0.105263157894737,0.00484764542936288,29967.7127181749
"318","Trent","Hubbard",1964-05-11,"United States",180,68,"R",0.216666666666667,0.00638888888888889,29967.7127181749
"319","Trent","Hubbard",1964-05-11,"United States",180,68,"R",0.206896551724138,0.0130796670630202,29967.7127181749
"320","Rex","Hudler",1960-09-02,"United States",180,73,"R",0.311258278145695,0.00184202447261085,29967.7127181749
"321","Mike","Huff",1963-08-11,"United States",180,73,"R",0.172413793103448,0.00832342449464923,29967.7127181749
"322","David","Hulse",1968-02-25,"United States",170,71,"L",0.222222222222222,0.00211848929797648,29967.7127181749
"323","Todd","Hundley",1969-05-27,"United States",170,71,"B",0.259259259259259,0.00101851851851852,29967.7127181749
"324","Brian","Hunter",1968-03-04,"United States",195,72,"R",0.267676767676768,0.00214263850627487,29967.7127181749
"325","Brian","Hunter",1971-03-05,"United States",180,76,"R",0.275665399239544,0.000690338157266984,29967.7127181749
"326","Rich","Hunter",1974-09-25,"United States",185,73,"R",0.166666666666667,0.0123456790123457,29967.7127181749
"327","Butch","Huskey",1971-11-10,"United States",244,75,"R",0.277777777777778,0.0010501995379122,29967.7127181749
"328","Jeff","Huson",1964-08-15,"United States",180,75,"L",0.321428571428571,0.0127551020408163,29967.7127181749
"329","Mark","Hutton",1970-02-06,"Australia",240,78,"R",0.315789473684211,0.0249307479224377,21861.32550987
"330","Tim","Hyers",1971-10-03,"United States",185,73,"L",0.0769230769230769,0.00443786982248521,29967.7127181749
"331","Raul","Ibanez",1972-06-02,"United States",225,74,"L",0,0,29967.7127181749
"332","Pete","Incaviglia",1964-04-02,"United States",225,73,"R",0.234200743494424,0.00168599107253907,29967.7127181749
"333","Pete","Incaviglia",1964-04-02,"United States",225,73,"R",0.303030303030303,0.0165289256198347,29967.7127181749
"334","Jason","Isringhausen",1972-09-07,"United States",235,75,"R",0.254901960784314,0.00807381776239908,29967.7127181749
"335","Danny","Jackson",1962-01-05,"United States",205,72,"R",0.333333333333333,0.0617283950617284,29967.7127181749
"336","Damian","Jackson",1973-08-16,"United States",160,70,"R",0.3,0.05,29967.7127181749
"337","John","Jaha",1966-05-27,"United States",195,73,"R",0.300184162062615,0.00100051212654613,29967.7127181749
"338","Dion","James",1962-11-09,"United States",170,73,"L",0.166666666666667,0.0138888888888889,29967.7127181749
"339","Kevin","Jarvis",1969-08-01,"United States",200,74,"L",0.166666666666667,0.00540123456790123,29967.7127181749
"340","Gregg","Jefferies",1967-08-01,"United States",175,71,"B",0.292079207920792,0.000992549750024507,29967.7127181749
"341","Reggie","Jefferson",1968-09-25,"United States",210,76,"B",0.347150259067358,0.00153695401218825,29967.7127181749
"342","Robin","Jennings",1972-04-11,"Singapore",205,74,"L",0.224137931034483,0.00535077288941736,26233.6288964795
"343","Marcus","Jensen",1972-12-14,"United States",195,76,"B",0.210526315789474,0.0138504155124654,29967.7127181749
"344","Derek","Jeter",1974-06-26,"United States",195,75,"R",0.314432989690722,0.000738064028530603,29967.7127181749
"345","Brian","Johnson",1968-01-08,"United States",210,74,"R",0.271604938271605,0.00177818421988518,29967.7127181749
"346","Charles","Johnson",1971-07-20,"United States",215,74,"R",0.217616580310881,0.000926199361056673,29967.7127181749
"347","Lance","Johnson",1963-07-06,"United States",160,70,"L",0.332844574780059,0.000703038329563729,29967.7127181749
"348","Mark","Johnson",1967-10-17,"United States",230,76,"L",0.274052478134111,0.00133447798111331,29967.7127181749
"349","Andruw","Jones",1977-04-23,"Curacao",225,73,"R",0.216981132075472,0.00418298326806693,NA
"350","Bobby","Jones",1970-02-10,"United States",210,76,"R",0.116666666666667,0.0025,29967.7127181749
"351","Chris","Jones",1965-12-16,"United States",200,74,"R",0.241610738255034,0.00247736588441962,29967.7127181749
"352","Chipper","Jones",1972-04-24,"United States",210,76,"B",0.309364548494983,0.000886455408776188,29967.7127181749
"353","Dax","Jones",1970-08-04,"United States",180,72,"R",0.172413793103448,0.00505350772889417,29967.7127181749
"354","Terry","Jones",1971-02-15,"United States",165,70,"B",0.3,0.03,29967.7127181749
"355","Todd","Jones",1968-04-24,"United States",200,75,"L",0,0,29967.7127181749
"356","Brian","Jordan",1967-03-29,"United States",205,73,"R",0.309941520467836,0.000942360232398193,29967.7127181749
"357","Kevin","Jordan",1969-10-09,"United States",185,73,"R",0.282442748091603,0.00326321309946973,29967.7127181749
"358","Ricky","Jordan",1965-05-26,"United States",210,77,"R",0.25,0.0127551020408163,29967.7127181749
"359","Ricardo","Jordan",1970-06-27,"United States",175,72,"L",0,0,29967.7127181749
"360","Wally","Joyner",1962-06-16,"United States",185,74,"L",0.277136258660508,0.000933388092101403,29967.7127181749
"361","Jeff","Juden",1971-01-19,"United States",245,79,"R",0,0,29967.7127181749
"362","David","Justice",1966-04-14,"United States",195,75,"L",0.321428571428571,0.0036734693877551,29967.7127181749
"363","Ron","Karkovice",1963-08-08,"United States",210,73,"R",0.219718309859155,0.0010315413608411,29967.7127181749
"364","Eric","Karros",1967-11-04,"United States",205,76,"R",0.259868421052632,0.000787201350415512,29967.7127181749
"365","Mike","Kelly",1970-06-02,"United States",195,76,"R",0.183673469387755,0.00666389004581424,29967.7127181749
"366","Pat","Kelly",1967-10-14,"United States",180,72,"R",0.142857142857143,0.00680272108843537,29967.7127181749
"367","Roberto","Kelly",1964-10-01,"Panama",180,74,"R",0.322981366459627,0.00141776937618147,3529.85222210421
"368","Jason","Kendall",1974-06-26,"United States",181,72,"R",0.29951690821256,0.000968517351630143,29967.7127181749
"369","Jeff","Kent",1968-03-07,"United States",185,73,"R",0.28955223880597,0.00130095789708176,29967.7127181749
"370","Jeff","Kent",1968-03-07,"United States",185,73,"R",0.264705882352941,0.00413302575932334,29967.7127181749
"371","Brooks","Kieschnick",1972-06-06,"United States",225,76,"L",0.344827586206897,0.0178359096313912,29967.7127181749
"372","Darryl","Kile",1968-12-02,"United States",185,77,"R",0.136986301369863,0.00262713454681929,29967.7127181749
"373","Mike","Kingery",1961-03-29,"United States",180,72,"L",0.246376811594203,0.00122085696282294,29967.7127181749
"374","Jeff","King",1964-12-26,"United States",175,73,"R",0.27072758037225,0.000841729152172606,29967.7127181749
"375","Wayne","Kirby",1964-01-22,"United States",185,71,"L",0.25,0.01953125,29967.7127181749
"376","Wayne","Kirby",1964-01-22,"United States",185,71,"L",0.271276595744681,0.00186736079674061,29967.7127181749
"377","Ryan","Klesko",1971-06-12,"United States",220,75,"L",0.28219696969697,0.00100436179981635,29967.7127181749
"378","Chuck","Knoblauch",1968-07-07,"United States",175,69,"R",0.34083044982699,0.000894984494917446,29967.7127181749
"379","Randy","Knorr",1968-11-12,"United States",205,74,"R",0.195402298850575,0.00330294622803541,29967.7127181749
"380","Kevin","Koslofski",1966-09-24,"United States",165,68,"L",0.214285714285714,0.0090702947845805,29967.7127181749
"381","Chad","Kreuter",1964-08-26,"United States",190,74,"B",0.219298245614035,0.00323176361957525,29967.7127181749
"382","Tom","Lampkin",1964-03-04,"United States",180,71,"L",0.231638418079096,0.00213859363528999,29967.7127181749
"383","Ray","Lankford",1967-06-05,"United States",180,71,"L",0.275229357798165,0.000892180792862554,29967.7127181749
"384","Mike","Lansing",1968-04-03,"United States",175,72,"R",0.285491419656786,0.000632786621917295,29967.7127181749
"385","Andy","Larkin",1974-06-27,"United States",175,76,"R",0,0,29967.7127181749
"386","Barry","Larkin",1964-04-28,"United States",185,72,"R",0.297872340425532,0.00109619176247433,29967.7127181749
"387","Matt","Lawton",1971-11-30,"United States",180,70,"L",0.257936507936508,0.00144872763920383,29967.7127181749
"388","Al","Leiter",1965-10-23,"United States",200,74,"L",0.1,0.00142857142857143,29967.7127181749
"389","Mark","Leiter",1963-04-13,"United States",200,75,"R",0.142857142857143,0.00396825396825397,29967.7127181749
"390","Mark","Leiter",1963-04-13,"United States",200,75,"R",0.08,0.0032,29967.7127181749
"391","Scott","Leius",1965-09-24,"United States",180,75,"R",0.13953488372093,0.00703082747431044,29967.7127181749
"392","Mark","Lemke",1965-08-13,"United States",167,70,"B",0.255020080321285,0.000641118691634006,29967.7127181749
"393","Pat","Lennon",1968-04-27,"United States",200,74,"R",0.233333333333333,0.0111111111111111,29967.7127181749
"394","Brian","Lesher",1971-03-05,"Belgium",205,77,"R",0.231707317073171,0.00550267697798929,27489.5551770488
"395","Curt","Leskanic",1968-04-02,"United States",180,72,"R",0.333333333333333,0.222222222222222,29967.7127181749
"396","Jesse","Levis",1968-04-14,"United States",180,69,"L",0.236051502145923,0.00121571589088029,29967.7127181749
"397","Darren","Lewis",1967-08-28,"United States",180,72,"R",0.228486646884273,0.000924548072097139,29967.7127181749
"398","Mark","Lewis",1969-11-30,"United States",190,73,"R",0.269724770642202,0.000727211514182308,29967.7127181749
"399","Richie","Lewis",1966-01-25,"United States",175,66,"R",0,0,29967.7127181749
"400","Jim","Leyritz",1963-12-27,"United States",190,72,"R",0.264150943396226,0.00143823424706301,29967.7127181749
"401","Jon","Lieber",1970-04-02,"United States",220,75,"L",0.194444444444444,0.00771604938271605,29967.7127181749
"402","Mike","Lieberthal",1972-01-18,"United States",170,72,"R",0.253012048192771,0.00257657134562346,29967.7127181749
"403","Pat","Listach",1967-09-12,"United States",170,69,"B",0.239747634069401,0.000985182457781449,29967.7127181749
"404","Scott","Livingstone",1965-07-15,"United States",190,72,"L",0.296511627906977,0.0021295294753921,29967.7127181749
"405","Esteban","Loaiza",1971-12-31,"Mexico",230,74,"R",0.117647058823529,0.0069204152249135,4412.11634488536
"406","Keith","Lockhart",1964-11-10,"United States",170,70,"L",0.272517321016166,0.000949389030823142,29967.7127181749
"407","Kenny","Lofton",1967-05-31,"United States",180,72,"L",0.317220543806647,0.000673140989950804,29967.7127181749
"408","Rich","Loiselle",1972-01-12,"United States",225,77,"R",0.25,0.046875,29967.7127181749
"409","Mark","Loretta",1971-08-14,"United States",175,72,"R",0.279220779220779,0.00206611570247934,29967.7127181749
"410","Torey","Lovullo",1965-07-25,"United States",185,73,"B",0.219512195121951,0.0046103509815586,29967.7127181749
"411","Eric","Ludwick",1971-12-14,"United States",210,77,"R",0,0,29967.7127181749
"412","Rob","Lukachyk",1968-07-24,"United States",185,72,"L",0,0,29967.7127181749
"413","Curt","Lyons",1974-10-17,"United States",230,77,"R",0,0,29967.7127181749
"414","John","Mabry",1970-10-17,"United States",195,76,"L",0.296500920810313,0.000793626568175575,29967.7127181749
"415","Mike","Macfarlane",1964-04-12,"United States",200,73,"R",0.274406332453826,0.00131578031342026,29967.7127181749
"416","Greg","Maddux",1966-04-14,"United States",170,72,"R",0.147058823529412,0.00259515570934256,29967.7127181749
"417","Calvin","Maduro",1974-09-05,"Aruba",175,72,"R",0,0,16586.0684357542
"418","Dave","Magadan",1962-09-30,"United States",190,75,"L",0.254437869822485,0.00217079233920381,29967.7127181749
"419","Wendell","Magee",1972-08-03,"United States",225,72,"R",0.204225352112676,0.00208292005554453,29967.7127181749
"420","Matt","Mantei",1973-07-07,"United States",181,73,"R",0,0,29967.7127181749
"421","Jeff","Manto",1964-08-23,"United States",210,75,"R",0.266666666666667,0.0211111111111111,29967.7127181749
"422","Jeff","Manto",1964-08-23,"United States",210,75,"R",0.185185185185185,0.00548696844993141,29967.7127181749
"423","Jeff","Manto",1964-08-23,"United States",210,75,"R",0.111111111111111,0.00617283950617284,29967.7127181749
"424","Barry","Manuel",1965-08-12,"United States",175,71,"R",0,0,29967.7127181749
"425","Kirt","Manwaring",1965-07-15,"United States",185,71,"R",0.23448275862069,0.00204518430439952,29967.7127181749
"426","Kirt","Manwaring",1965-07-15,"United States",185,71,"R",0.219512195121951,0.00312314098750744,29967.7127181749
"427","Al","Martin",1967-11-24,"United States",220,74,"L",0.3,0.00071806500377929,29967.7127181749
"428","Dave","Martinez",1964-09-26,"United States",150,70,"L",0.318181818181818,0.00106404958677686,29967.7127181749
"429","Edgar","Martinez",1963-01-02,"United States",175,72,"R",0.326653306613226,0.00119276629411127,29967.7127181749
"430","Tino","Martinez",1967-12-07,"United States",205,74,"L",0.292436974789916,0.000782430619306546,29967.7127181749
"431","John","Marzano",1963-02-14,"United States",185,71,"R",0.245283018867925,0.00284798860804557,29967.7127181749
"432","Mike","Matheny",1970-09-22,"United States",205,75,"R",0.204472843450479,0.00109218222090661,29967.7127181749
"433","Terry","Mathews",1964-10-05,"United States",200,74,"L",0,0,29967.7127181749
"434","T. J.","Mathews",1970-01-09,"United States",200,74,"R",0,0,29967.7127181749
"435","Darrell","May",1972-06-13,"United States",170,74,"L",0.333333333333333,0.111111111111111,29967.7127181749
"436","Derrick","May",1968-07-14,"United States",210,76,"L",0.250965250965251,0.0014609203798393,29967.7127181749
"437","Brent","Mayne",1968-04-19,"United States",195,73,"L",0.262626262626263,0.00357106417712478,29967.7127181749
"438","Dave","McCarty",1969-11-23,"United States",210,77,"R",0.217142857142857,0.0019265306122449,29967.7127181749
"439","Quinton","McCracken",1970-08-16,"United States",170,67,"B",0.289752650176678,0.00144838866760729,29967.7127181749
"440","Chuck","McElroy",1967-10-01,"United States",160,72,"L",0,0,29967.7127181749
"441","Willie","McGee",1958-11-02,"United States",175,73,"B",0.307443365695793,0.00135105413642505,29967.7127181749
"442","Fred","McGriff",1963-10-31,"United States",200,75,"L",0.294975688816856,0.000801178915072408,29967.7127181749
"443","Mark","McGwire",1963-10-01,"United States",215,77,"R",0.312056737588652,0.00172694197139648,29967.7127181749
"444","Tim","McIntosh",1965-03-21,"United States",195,71,"R",0,0,29967.7127181749
"445","Mark","McLemore",1964-10-04,"United States",175,71,"B",0.290135396518375,0.000733288687525487,29967.7127181749
"446","Billy","McMillon",1971-11-17,"United States",172,71,"L",0.215686274509804,0.00422914263744714,29967.7127181749
"447","Brian","McRae",1967-08-27,"United States",175,72,"B",0.275641025641026,0.000680576101249178,29967.7127181749
"448","Pat","Meares",1968-09-06,"United States",185,72,"R",0.266924564796905,0.000755736300408921,29967.7127181749
"449","Dan","Miceli",1970-09-09,"United States",185,73,"R",0,0,29967.7127181749
"450","Matt","Mieske",1968-02-13,"United States",185,72,"R",0.27807486631016,0.00125825731362064,29967.7127181749
"451","Kurt","Miller",1972-08-24,"United States",205,77,"R",0.375,0.046875,29967.7127181749
"452","Orlando","Miller",1969-01-13,"Panama",180,73,"R",0.256410256410256,0.00089031339031339,3529.85222210421
"453","Ralph","Milliard",1973-12-30,"Curacao",170,71,"R",0.161290322580645,0.00312174817898023,NA
"454","Mike","Mimbs",1969-02-13,"United States",182,74,"L",0.121212121212121,0.00367309458218549,29967.7127181749
"455","Blas","Minor",1966-03-20,"United States",195,75,"R",0,0,29967.7127181749
"456","Doug","Mirabelli",1970-10-18,"United States",205,73,"R",0.222222222222222,0.0154320987654321,29967.7127181749
"457","Kevin","Mitchell",1962-01-13,"United States",186,70,"R",0.304347826086957,0.00448960302457467,29967.7127181749
"458","Kevin","Mitchell",1962-01-13,"United States",186,70,"R",0.324561403508772,0.00507848568790397,29967.7127181749
"459","Keith","Mitchell",1969-08-06,"United States",180,70,"R",0.266666666666667,0.0355555555555556,29967.7127181749
"460","Larry","Mitchell",1971-10-16,"United States",220,73,"R",0,0,29967.7127181749
"461","Dave","Mlicki",1968-06-08,"United States",185,76,"R",0.1,0.01,29967.7127181749
"462","Izzy","Molina",1971-06-03,"United States",200,73,"R",0.2,0.0112,29967.7127181749
"463","Paul","Molitor",1956-08-22,"United States",185,72,"R",0.340909090909091,0.000709366391184573,29967.7127181749
"464","Ray","Montgomery",1969-08-08,"United States",195,75,"R",0.214285714285714,0.0357142857142857,29967.7127181749
"465","Kerwin","Moore",1970-10-29,"United States",190,73,"B",0.0625,0.0078125,29967.7127181749
"466","Marcus","Moore",1970-11-02,"United States",195,77,"B",0.333333333333333,0.222222222222222,29967.7127181749
"467","Mickey","Morandini",1966-04-22,"United States",170,71,"L",0.250463821892393,0.000619576553846366,29967.7127181749
"468","Mike","Mordecai",1967-12-13,"United States",175,71,"R",0.240740740740741,0.0031721536351166,29967.7127181749
"469","Mike","Morgan",1959-10-08,"United States",195,75,"R",0.0606060606060606,0.00183654729109275,29967.7127181749
"470","Mike","Morgan",1959-10-08,"United States",195,75,"R",0,0,29967.7127181749
"471","Russ","Morman",1962-04-28,"United States",215,76,"R",0.166666666666667,0.0555555555555556,29967.7127181749
"472","Hal","Morris",1965-04-09,"United States",200,75,"L",0.3125,0.000907512626262626,29967.7127181749
"473","Julio","Mosquera",1972-01-29,"Panama",185,72,"R",0.227272727272727,0.0144628099173554,3529.85222210421
"474","Chad","Mottola",1971-10-15,"United States",220,75,"R",0.215189873417722,0.00464669123537895,29967.7127181749
"475","James","Mouton",1968-12-29,"United States",175,69,"R",0.263333333333333,0.00116666666666667,29967.7127181749
"476","Lyle","Mouton",1969-05-13,"United States",240,76,"R",0.294392523364486,0.00205258101144205,29967.7127181749
"477","Bill","Mueller",1971-03-17,"United States",175,71,"B",0.33,0.002075,29967.7127181749
"478","Terry","Mulholland",1963-03-09,"United States",200,75,"R",0.177777777777778,0.00592592592592593,29967.7127181749
"479","Sean","Mulligan",1970-04-25,"United States",210,74,"R",0,0,29967.7127181749
"480","Jose","Munoz",1967-11-11,"United States",165,71,"B",0.259259259259259,0.00960219478737997,29967.7127181749
"481","Mike","Munoz",1965-07-12,"United States",190,74,"L",0,0,29967.7127181749
"482","Eddie","Murray",1956-02-24,"United States",190,74,"B",0.261904761904762,0.00119579081632653,29967.7127181749
"483","Eddie","Murray",1956-02-24,"United States",190,74,"B",0.256521739130435,0.00190926275992439,29967.7127181749
"484","Glenn","Murray",1970-11-23,"United States",225,74,"R",0.195876288659794,0.00297587416303539,29967.7127181749
"485","Greg","Myers",1966-04-14,"United States",200,73,"L",0.285714285714286,0.00129341007566449,29967.7127181749
"486","Rodney","Myers",1969-06-26,"United States",200,73,"R",0,0,29967.7127181749
"487","Rod","Myers",1973-01-14,"United States",190,72,"L",0.285714285714286,0.00705467372134039,29967.7127181749
"488","Tim","Naehring",1967-02-01,"United States",190,74,"R",0.288372093023256,0.001032990805841,29967.7127181749
"489","Rob","Natal",1965-11-13,"United States",190,71,"R",0.133333333333333,0.00185185185185185,29967.7127181749
"490","Denny","Neagle",1968-09-13,"United States",200,76,"L",0.181818181818182,0.00363636363636364,29967.7127181749
"491","Denny","Neagle",1968-09-13,"United States",200,76,"L",0.142857142857143,0.0102040816326531,29967.7127181749
"492","Robb","Nen",1969-11-28,"United States",200,76,"R",0,0,29967.7127181749
"493","Phil","Nevin",1971-01-19,"United States",180,74,"R",0.291666666666667,0.00444444444444444,29967.7127181749
"494","Marc","Newfield",1972-10-19,"United States",205,76,"R",0.25130890052356,0.00202845316740221,29967.7127181749
"495","Marc","Newfield",1972-10-19,"United States",205,76,"R",0.307262569832402,0.00284011110764333,29967.7127181749
"496","Warren","Newson",1964-07-03,"United States",190,67,"L",0.25531914893617,0.0019194205522861,29967.7127181749
"497","David","Nied",1968-12-22,"United States",175,74,"R",0,0,29967.7127181749
"498","Dave","Nilsson",1969-12-14,"Australia",185,75,"L",0.33112582781457,0.00115979318645868,21861.32550987
"499","Otis","Nixon",1959-01-09,"United States",180,74,"B",0.286290322580645,0.000658493756503642,29967.7127181749
"500","Trot","Nixon",1974-04-11,"United States",195,73,"L",0.5,0.1875,29967.7127181749
"501","Hideo","Nomo",1968-08-31,"Japan",210,74,"R",0.133333333333333,0.00248888888888889,38436.9263119118
"502","Les","Norman",1969-02-25,"United States",185,73,"R",0.122448979591837,0.00249895876718034,29967.7127181749
"503","Greg","Norton",1972-07-06,"United States",190,73,"B",0.217391304347826,0.0207939508506616,29967.7127181749
"504","Jon","Nunnally",1971-11-09,"United States",190,70,"L",0.211111111111111,0.00506172839506173,29967.7127181749
"505","Sherman","Obando",1970-01-23,"Panama",215,76,"R",0.247191011235955,0.00243024870597147,3529.85222210421
"506","Charlie","O'Brien",1960-05-01,"United States",195,74,"R",0.237654320987654,0.00126695625666819,29967.7127181749
"507","Alex","Ochoa",1972-03-29,"United States",175,72,"R",0.294326241134752,0.00150897842160857,29967.7127181749
"508","Troy","O'Leary",1969-08-04,"United States",175,72,"L",0.259557344064386,0.000858268322206883,29967.7127181749
"509","John","Olerud",1968-08-05,"United States",205,77,"L",0.273869346733668,0.00118683871619404,29967.7127181749
"510","Joe","Oliver",1965-07-24,"United States",215,75,"R",0.242214532871972,0.00140084529639252,29967.7127181749
"511","Paul","O'Neill",1963-02-25,"United States",200,76,"L",0.302197802197802,0.000868789330327792,29967.7127181749
"512","Rey","Ordonez",1971-01-11,"Cuba",160,69,"R",0.256972111553785,0.000603165029126522,2286.92738187011
"513","Joe","Orsulak",1962-05-31,"United States",185,73,"L",0.221198156682028,0.00131665569453588,29967.7127181749
"514","Donovan","Osborne",1969-06-21,"United States",195,74,"B",0.220338983050847,0.0057454754380925,29967.7127181749
"515","Keith","Osik",1968-10-22,"United States",185,72,"R",0.292857142857143,0.00306122448979592,29967.7127181749
"516","Al","Osuna",1965-08-10,"United States",200,75,"R",0,0,29967.7127181749
"517","Antonio","Osuna",1973-04-12,"Mexico",160,71,"R",0,0,4412.11634488536
"518","Eric","Owens",1971-02-03,"United States",185,73,"R",0.2,0.00111838191552647,29967.7127181749
"519","Jayhawk","Owens",1969-02-10,"United States",213,73,"R",0.238888888888889,0.00203703703703704,29967.7127181749
"520","Tom","Pagnozzi",1962-07-30,"United States",190,72,"R",0.27027027027027,0.00103834010467917,29967.7127181749
"521","Lance","Painter",1967-07-21,"United Kingdom",195,73,"L",0.133333333333333,0.00888888888888889,24332.6977665594
"522","Donn","Pall",1962-01-11,"United States",185,74,"R",0,0,29967.7127181749
"523","Dean","Palmer",1968-12-27,"United States",175,73,"R",0.280068728522337,0.000906342627035581,29967.7127181749
"524","Orlando","Palmeiro",1969-01-19,"United States",155,71,"L",0.28735632183908,0.00435988902100674,29967.7127181749
"525","Rafael","Palmeiro",1964-09-24,"Cuba",180,72,"L",0.289137380191693,0.000872725045677714,2286.92738187011
"526","Craig","Paquette",1969-03-28,"United States",190,72,"R",0.258741258741259,0.00105411294222483,29967.7127181749
"527","Mark","Parent",1961-09-16,"United States",215,77,"R",0.240384615384615,0.00480769230769231,29967.7127181749
"528","Mark","Parent",1961-09-16,"United States",215,77,"R",0.181818181818182,0.0119375573921028,29967.7127181749
"529","Rick","Parker",1963-03-20,"United States",185,72,"R",0.285714285714286,0.0255102040816327,29967.7127181749
"530","Jeff","Parrett",1961-08-26,"United States",185,76,"R",0,0,29967.7127181749
"531","Steve","Parris",1967-12-17,"United States",190,72,"R",0.166666666666667,0.0277777777777778,29967.7127181749
"532","Bob","Patterson",1959-05-16,"United States",185,74,"R",0.333333333333333,0.111111111111111,29967.7127181749
"533","Dan","Peltier",1968-06-30,"United States",200,73,"L",0.254237288135593,0.00488365412237863,29967.7127181749
"534","Terry","Pendleton",1960-07-16,"United States",178,69,"B",0.251231527093596,0.000879662209711471,29967.7127181749
"535","Terry","Pendleton",1960-07-16,"United States",178,69,"B",0.203703703703704,0.00194330132601738,29967.7127181749
"536","Shannon","Penn",1969-09-11,"United States",163,70,"B",0.0714285714285714,0.00510204081632653,29967.7127181749
"537","Troy","Percival",1969-08-09,"United States",200,75,"R",0,0,29967.7127181749
"538","Danny","Perez",1971-02-26,"United States",188,70,"R",0,0,29967.7127181749
"539","Eduardo","Perez",1969-09-11,"United States",215,76,"R",0.222222222222222,0.0131172839506173,29967.7127181749
"540","Herbert","Perry",1969-09-15,"United States",210,74,"R",0.0833333333333333,0.0138888888888889,29967.7127181749
"541","Robert","Person",1969-10-06,"United States",180,72,"R",0.142857142857143,0.0090702947845805,29967.7127181749
"542","Chris","Peters",1972-01-28,"United States",162,73,"L",0.210526315789474,0.0138504155124654,29967.7127181749
"543","Mark","Petkovsek",1965-11-18,"United States",185,72,"R",0.1875,0.01171875,29967.7127181749
"544","J. R.","Phillips",1970-04-29,"United States",205,74,"L",0.2,0.0176,29967.7127181749
"545","J. R.","Phillips",1970-04-29,"United States",205,74,"L",0.151898734177215,0.00512738343214228,29967.7127181749
"546","Tony","Phillips",1959-04-25,"United States",175,70,"B",0.27710843373494,0.00068728318733503,29967.7127181749
"547","Mike","Piazza",1968-09-04,"United States",200,75,"R",0.336380255941499,0.00102938080071121,29967.7127181749
"548","Greg","Pirkl",1970-08-07,"United States",225,77,"R",0.19047619047619,0.018140589569161,29967.7127181749
"549","Greg","Pirkl",1970-08-07,"United States",225,77,"R",0,0,29967.7127181749
"550","Phil","Plantier",1969-01-27,"United States",175,72,"L",0.212121212121212,0.00149922227844306,29967.7127181749
"551","Dan","Plesac",1962-02-04,"United States",205,77,"L",0,0,29967.7127181749
"552","Jim","Poole",1966-04-28,"United States",190,74,"L",0,0,29967.7127181749
"553","Mark","Portugal",1962-10-30,"United States",170,72,"R",0.166666666666667,0.00390625,29967.7127181749
"554","Jay","Powell",1972-01-09,"United States",220,76,"R",0,0,29967.7127181749
"555","Curtis","Pride",1968-12-17,"United States",205,72,"L",0.299625468164794,0.00192175510948393,29967.7127181749
"556","Tom","Prince",1964-08-13,"United States",185,71,"R",0.296875,0.0068359375,29967.7127181749
"557","Chris","Pritchett",1970-01-31,"United States",185,76,"L",0.153846153846154,0.0118343195266272,29967.7127181749
"558","Harvey","Pulliam",1967-10-20,"United States",210,72,"R",0.133333333333333,0.00888888888888889,29967.7127181749
"559","Tom","Quinlan",1968-03-27,"United States",200,75,"R",0,0,29967.7127181749
"560","Brian","Raabe",1967-11-05,"United States",170,69,"R",0.222222222222222,0.0246913580246914,29967.7127181749
"561","Scott","Radinsky",1968-03-03,"United States",190,75,"L",0,0,29967.7127181749
"562","Tim","Raines",1959-09-16,"United States",160,68,"B",0.283582089552239,0.00232667508229994,29967.7127181749
"563","Joe","Randa",1969-12-18,"United States",190,71,"R",0.302670623145401,0.00128556208120174,29967.7127181749
"564","Pat","Rapp",1967-07-13,"United States",195,75,"R",0.120689655172414,0.00237812128418549,29967.7127181749
"565","Jeff","Reboulet",1964-04-30,"United States",167,72,"R",0.222222222222222,0.00111403316531522,29967.7127181749
"566","Jeff","Reed",1962-11-12,"United States",190,74,"L",0.284457478005865,0.00122977958565888,29967.7127181749
"567","Jody","Reed",1962-07-26,"United States",170,69,"R",0.244444444444444,0.000599938781756964,29967.7127181749
"568","Steve","Reed",1965-03-11,"United States",200,74,"R",0.333333333333333,0.111111111111111,29967.7127181749
"569","Bryan","Rekar",1972-06-03,"United States",205,75,"R",0.266666666666667,0.0222222222222222,29967.7127181749
"570","Desi","Relaford",1973-09-16,"United States",155,68,"B",0.175,0.005625,29967.7127181749
"571","Mike","Remlinger",1966-03-23,"United States",195,72,"L",0.142857142857143,0.0204081632653061,29967.7127181749
"572","Edgar","Renteria",1976-08-07,"Colombia",200,73,"R",0.308584686774942,0.000925920941424734,2620.53876171399
"573","Armando","Reynoso",1966-05-01,"Mexico",186,72,"R",0.173076923076923,0.00369822485207101,4412.11634488536
"574","Shane","Reynolds",1968-03-26,"United States",210,75,"R",0.184210526315789,0.00380886426592798,29967.7127181749
"575","Billy","Ripken",1964-12-16,"United States",180,73,"R",0.22962962962963,0.00246913580246914,29967.7127181749
"576","Cal","Ripken",1960-08-24,"United States",200,76,"R",0.278125,0.0007275390625,29967.7127181749
"577","Kevin","Ritz",1965-06-08,"United States",195,76,"R",0.230769230769231,0.00473372781065089,29967.7127181749
"578","Ruben","Rivera",1973-11-14,"Panama",195,72,"R",0.284090909090909,0.00503615702479339,3529.85222210421
"579","Bip","Roberts",1963-10-27,"United States",150,67,"B",0.283185840707965,0.00105289720764699,29967.7127181749
"580","Kevin","Roberson",1968-01-29,"United States",210,76,"B",0.222222222222222,0.0138888888888889,29967.7127181749
"581","Mike","Robertson",1970-10-09,"United States",180,72,"L",0.142857142857143,0.0408163265306122,29967.7127181749
"582","Alex","Rodriguez",1975-07-27,"United States",230,75,"R",0.357737104825291,0.00104927727221132,29967.7127181749
"583","Scott","Rolen",1975-04-04,"United States",245,76,"R",0.253846153846154,0.00307692307692308,29967.7127181749
"584","Matt","Ruebel",1969-10-16,"United States",180,74,"L",0.230769230769231,0.0177514792899408,29967.7127181749
"585","Kirk","Rueter",1970-12-01,"United States",190,75,"L",0.12,0.0048,29967.7127181749
"586","Kirk","Rueter",1970-12-01,"United States",190,75,"L",0.142857142857143,0.0204081632653061,29967.7127181749
"587","Bruce","Ruffin",1963-10-04,"United States",205,74,"B",0,0,29967.7127181749
"588","Johnny","Ruffin",1971-07-29,"United States",172,75,"R",0.5,0.125,29967.7127181749
"589","Ken","Ryan",1968-10-24,"United States",200,75,"R",0.142857142857143,0.0204081632653061,29967.7127181749
"590","Chris","Sabo",1962-01-19,"United States",185,71,"R",0.256,0.0032,29967.7127181749
"591","Roger","Salkeld",1971-03-06,"United States",215,77,"R",0.03125,0.0009765625,29967.7127181749
"592","Tim","Salmon",1968-08-24,"United States",200,75,"R",0.285714285714286,0.000862066411700404,29967.7127181749
"593","Ryne","Sandberg",1959-09-18,"United States",175,73,"R",0.243682310469314,0.000801522240613067,29967.7127181749
"594","Reggie","Sanders",1967-12-01,"United States",180,72,"R",0.250871080139373,0.0016146851363984,29967.7127181749
"595","Scott","Sanders",1969-03-25,"United States",210,76,"R",0.194444444444444,0.00771604938271605,29967.7127181749
"596","F. P.","Santangelo",1967-10-24,"United States",165,70,"B",0.27735368956743,0.00103594066649833,29967.7127181749
"597","Steve","Scarsone",1966-04-11,"United States",170,74,"R",0.219081272084806,0.00113623593751951,29967.7127181749
"598","Gene","Schall",1970-06-05,"United States",190,75,"R",0.272727272727273,0.00711662075298439,29967.7127181749
"599","Curt","Schilling",1966-11-14,"United States",205,77,"R",0.174603174603175,0.00302343159486017,29967.7127181749
"600","Jason","Schmidt",1973-01-29,"United States",185,77,"R",0,0,29967.7127181749
"601","Jason","Schmidt",1973-01-29,"United States",185,77,"R",0.0833333333333333,0.00694444444444444,29967.7127181749
"602","Dick","Schofield",1962-11-21,"United States",175,70,"R",0.25,0.015625,29967.7127181749
"603","Pete","Schourek",1969-05-10,"United States",195,77,"L",0.263157894736842,0.0138504155124654,29967.7127181749
"604","Rick","Schu",1962-01-26,"United States",170,72,"R",0,0,29967.7127181749
"605","Tim","Scott",1966-11-16,"United States",185,74,"R",0,0,29967.7127181749
"606","Tim","Scott",1966-11-16,"United States",185,74,"R",0,0,29967.7127181749
"607","Kevin","Sefcik",1971-02-10,"United States",175,71,"R",0.28448275862069,0.00326991676575505,29967.7127181749
"608","David","Segui",1966-07-19,"United States",170,73,"B",0.286057692307692,0.00106323964497041,29967.7127181749
"609","Kevin","Seitzer",1962-03-26,"United States",180,71,"R",0.316326530612245,0.000924614743856726,29967.7127181749
"610","Kevin","Seitzer",1962-03-26,"United States",180,71,"R",0.385542168674699,0.0065321527072144,29967.7127181749
"611","Bill","Selby",1970-06-11,"United States",190,69,"L",0.273684210526316,0.0043213296398892,29967.7127181749
"612","Scott","Servais",1967-06-04,"United States",195,74,"R",0.265168539325843,0.000863527332407524,29967.7127181749
"613","Scott","Service",1967-02-26,"United States",230,78,"R",0,0,29967.7127181749
"614","Jeff","Shaw",1966-07-07,"United States",185,74,"R",0,0,29967.7127181749
"615","Danny","Sheaffer",1961-08-02,"United States",185,72,"R",0.227272727272727,0.00168350168350168,29967.7127181749
"616","Andy","Sheets",1971-11-19,"United States",180,74,"R",0.190909090909091,0.00239669421487603,29967.7127181749
"617","Gary","Sheffield",1968-11-18,"United States",190,71,"R",0.314065510597302,0.00120284673727823,29967.7127181749
"618","Craig","Shipley",1963-01-07,"Australia",175,73,"R",0.315217391304348,0.00437145557655955,21861.32550987
"619","Terry","Shumpert",1966-08-16,"United States",190,71,"R",0.225806451612903,0.0145681581685744,29967.7127181749
"620","Dave","Silvestri",1967-09-29,"United States",180,72,"R",0.203703703703704,0.00152415790275873,29967.7127181749
"621","Mike","Simms",1967-01-12,"United States",185,76,"R",0.176470588235294,0.00410899653979239,29967.7127181749
"622","Duane","Singleton",1972-08-06,"United States",170,73,"L",0.160714285714286,0.00318877551020408,29967.7127181749
"623","Don","Slaught",1958-09-11,"United States",190,73,"R",0.323671497584541,0.00219375014586105,29967.7127181749
"624","Don","Slaught",1958-09-11,"United States",190,73,"R",0.25,0.00771604938271605,29967.7127181749
"625","Mark","Small",1967-11-12,"United States",205,75,"R",0,0,29967.7127181749
"626","John","Smiley",1965-03-17,"United States",180,76,"L",0.191176470588235,0.0032439446366782,29967.7127181749
"627","Dwight","Smith",1963-11-08,"United States",175,71,"L",0.202614379084967,0.00192233756247597,29967.7127181749
"628","Mark","Smith",1970-05-07,"United States",205,75,"R",0.243589743589744,0.00542406311637081,29967.7127181749
"629","Ozzie","Smith",1954-12-26,"United States",150,71,"B",0.281938325991189,0.00163015001261426,29967.7127181749
"630","Zane","Smith",1960-12-28,"United States",185,74,"L",0.153846153846154,0.00591715976331361,29967.7127181749
"631","John","Smoltz",1967-05-15,"United States",210,75,"R",0.217948717948718,0.00378040762656147,29967.7127181749
"632","Chris","Snopek",1970-09-20,"United States",180,73,"R",0.259615384615385,0.00490014792899408,29967.7127181749
"633","J. T.","Snow",1968-02-26,"United States",200,74,"L",0.257391304347826,0.000668431001890359,29967.7127181749
"634","Steve","Soderstrom",1972-04-03,"United States",215,75,"R",0,0,29967.7127181749
"635","Paul","Sorrento",1965-11-17,"United States",195,74,"L",0.288747346072187,0.00107734819082135,29967.7127181749
"636","Tim","Spehr",1966-07-02,"United States",205,74,"R",0.0909090909090909,0.00413223140495868,29967.7127181749
"637","Bill","Spiers",1966-06-05,"United States",190,74,"L",0.252293577981651,0.00178856998569144,29967.7127181749
"638","Scott","Spiezio",1972-09-21,"United States",195,74,"B",0.310344827586207,0.0202140309155767,29967.7127181749
"639","Ed","Sprague",1967-07-25,"United States",215,74,"R",0.247038917089679,0.000838866127845488,29967.7127181749
"640","Russ","Springer",1968-11-07,"United States",195,76,"R",0.0588235294117647,0.00346020761245675,29967.7127181749
"641","Scott","Stahoviak",1970-03-06,"United States",210,77,"L",0.283950617283951,0.00115836000609663,29967.7127181749
"642","Andy","Stankiewicz",1964-08-10,"United States",165,69,"R",0.285714285714286,0.00489121268342048,29967.7127181749
"643","Mike","Stanley",1963-06-25,"United States",185,73,"R",0.269521410579345,0.00127530788216409,29967.7127181749
"644","Terry","Steinbach",1962-03-02,"United States",195,73,"R",0.272373540856031,0.00102953867583158,29967.7127181749
"645","Lee","Stevens",1967-07-10,"United States",205,76,"L",0.230769230769231,0.00575279421433268,29967.7127181749
"646","Todd","Steverson",1971-11-15,"United States",194,74,"R",0,0,29967.7127181749
"647","Shannon","Stewart",1974-02-25,"United States",175,72,"R",0.176470588235294,0.013840830449827,29967.7127181749
"648","Kurt","Stillwell",1965-06-04,"United States",165,71,"B",0.272727272727273,0.00472255017709563,29967.7127181749
"649","Kelly","Stinnett",1970-02-14,"United States",195,71,"R",0.0769230769230769,0.00295857988165681,29967.7127181749
"650","Kevin","Stocker",1970-02-13,"United States",178,72,"B",0.253807106598985,0.000959828905666212,29967.7127181749
"651","Todd","Stottlemyre",1965-05-20,"United States",195,75,"L",0.227272727272727,0.0034435261707989,29967.7127181749
"652","Doug","Strange",1964-04-13,"United States",170,74,"B",0.234972677595628,0.00182149362477231,29967.7127181749
"653","Darryl","Strawberry",1962-03-12,"United States",190,78,"L",0.262376237623762,0.00242623272228213,29967.7127181749
"654","Tanyon","Sturtze",1970-10-12,"United States",190,77,"R",0,0,29967.7127181749
"655","Chris","Stynes",1973-01-19,"United States",175,69,"R",0.293478260869565,0.00389886578449905,29967.7127181749
"656","Scott","Sullivan",1971-03-13,"United States",210,75,"R",0,0,29967.7127181749
"657","B. J.","Surhoff",1964-08-04,"United States",185,73,"L",0.292364990689013,0.000898154794724814,29967.7127181749
"658","Dale","Sveum",1963-11-23,"United States",185,74,"B",0.352941176470588,0.0173010380622837,29967.7127181749
"659","Dave","Swartzbaugh",1968-02-11,"United States",195,74,"R",0,0,29967.7127181749
"660","Mark","Sweeney",1969-10-26,"United States",195,73,"L",0.264705882352941,0.00217993079584775,29967.7127181749
"661","Mike","Sweeney",1973-07-22,"United States",195,73,"R",0.278787878787879,0.00249770431588613,29967.7127181749
"662","Bill","Swift",1961-10-27,"United States",170,72,"R",0.333333333333333,0.0555555555555556,29967.7127181749
"663","Greg","Swindell",1965-01-02,"United States",225,74,"R",0.333333333333333,0.0833333333333333,29967.7127181749
"664","Jeff","Tabaka",1964-01-17,"United States",195,74,"R",0,0,29967.7127181749
"665","Tony","Tarasco",1970-12-09,"United States",185,72,"L",0.238095238095238,0.00368480725623583,29967.7127181749
"666","Jim","Tatum",1967-10-09,"United States",200,74,"R",0.125,0.015625,29967.7127181749
"667","Jim","Tatum",1967-10-09,"United States",200,74,"R",0,0,29967.7127181749
"668","Ed","Taubensee",1968-10-31,"United States",205,76,"L",0.290519877675841,0.00141215198870278,29967.7127181749
"669","Mickey","Tettleton",1960-09-16,"United States",200,74,"B",0.246435845213849,0.000916704344183075,29967.7127181749
"670","Bob","Tewksbury",1960-11-30,"United States",200,76,"R",0.0307692307692308,0.000710059171597633,29967.7127181749
"671","Tom","Thobe",1969-09-03,"United States",195,78,"L",0,0,29967.7127181749
"672","Frank","Thomas",1968-05-27,"United States",240,77,"R",0.349146110056926,0.00118820864943884,29967.7127181749
"673","Jim","Thome",1970-08-27,"United States",250,76,"L",0.310891089108911,0.00121164591706695,29967.7127181749
"674","Jason","Thompson",1971-06-13,"United States",200,76,"L",0.224489795918367,0.0087463556851312,29967.7127181749
"675","Mark","Thompson",1971-04-07,"United States",205,74,"R",0.137931034482759,0.00326991676575505,29967.7127181749
"676","Milt","Thompson",1959-01-05,"United States",170,71,"L",0.117647058823529,0.00269127258746636,29967.7127181749
"677","Milt","Thompson",1959-01-05,"United States",170,71,"L",0.0666666666666667,0.00888888888888889,29967.7127181749
"678","Robby","Thompson",1962-05-10,"United States",165,71,"R",0.211453744493392,0.00147489763046052,29967.7127181749
"679","Ryan","Thompson",1967-11-04,"United States",200,75,"R",0.318181818181818,0.0206611570247934,29967.7127181749
"680","Ozzie","Timmons",1970-09-18,"United States",205,74,"R",0.2,0.00270408163265306,29967.7127181749
"681","Lee","Tinsley",1969-03-04,"United States",190,71,"B",0.134615384615385,0.0025887573964497,29967.7127181749
"682","Lee","Tinsley",1969-03-04,"United States",190,71,"B",0.244791666666667,0.00173611111111111,29967.7127181749
"683","Andy","Tomberlin",1966-11-07,"United States",160,71,"L",0.257575757575758,0.0068870523415978,29967.7127181749
"684","Steve","Trachsel",1970-10-31,"United States",185,75,"R",0.106060606060606,0.00275482093663912,29967.7127181749
"685","Alan","Trammell",1958-02-21,"United States",165,72,"R",0.233160621761658,0.00134231791457489,29967.7127181749
"686","Michael","Tucker",1971-06-25,"United States",185,74,"L",0.259587020648968,0.00130524447228966,29967.7127181749
"687","Chris","Turner",1969-03-23,"United States",190,74,"R",0.333333333333333,0.111111111111111,29967.7127181749
"688","Tim","Unroe",1970-10-07,"United States",200,75,"R",0.1875,0.01171875,29967.7127181749
"689","Tom","Urbani",1968-01-21,"United States",190,73,"L",0.166666666666667,0.0277777777777778,29967.7127181749
"690","Ismael","Valdez",1973-08-21,"Mexico",185,75,"R",0.142857142857143,0.00224489795918367,4412.11634488536
"691","Marc","Valdes",1971-12-20,"United States",170,72,"R",0,0,29967.7127181749
"692","Fernando","Valenzuela",1960-11-01,"Mexico",180,71,"L",0.142857142857143,0.00277147896195515,4412.11634488536
"693","John","Valentin",1967-02-18,"United States",170,72,"R",0.296015180265655,0.000828145422336162,29967.7127181749
"694","Dave","Valle",1960-10-30,"United States",200,74,"R",0.302325581395349,0.00581395348837209,29967.7127181749
"695","John","Vander Wal",1966-04-29,"United States",180,73,"L",0.251655629139073,0.00276303670891628,29967.7127181749
"696","William","VanLandingham",1970-07-16,"United States",210,74,"R",0.131147540983607,0.00241870464928783,29967.7127181749
"697","Greg","Vaughn",1965-07-03,"United States",195,72,"R",0.28,0.00152177777777778,29967.7127181749
"698","Greg","Vaughn",1965-07-03,"United States",195,72,"R",0.205673758865248,0.00321915396609828,29967.7127181749
"699","Mo","Vaughn",1967-12-15,"United States",225,73,"L",0.325984251968504,0.00091760183520367,29967.7127181749
"700","Randy","Velarde",1962-11-24,"United States",185,72,"R",0.284905660377358,0.000804556781772873,29967.7127181749
"701","Robin","Ventura",1967-07-14,"United States",185,73,"L",0.286689419795222,0.000888187398804878,29967.7127181749
"702","Dave","Veres",1966-10-19,"United States",195,74,"R",0.375,0.0625,29967.7127181749
"703","Fernando","Vina",1969-04-16,"United States",170,69,"L",0.283393501805054,0.000707033846394453,29967.7127181749
"704","Joe","Vitiello",1970-04-11,"United States",215,74,"R",0.24124513618677,0.00155944828839195,29967.7127181749
"705","Jack","Voigt",1966-05-17,"United States",170,73,"R",0.111111111111111,0.0123456790123457,29967.7127181749
"706","Terrell","Wade",1973-01-25,"United States",205,75,"L",0.153846153846154,0.0118343195266272,29967.7127181749
"707","Billy","Wagner",1971-07-25,"United States",180,70,"L",0,0,29967.7127181749
"708","Paul","Wagner",1967-11-14,"United States",205,75,"R",0.04,0.0016,29967.7127181749
"709","Matt","Walbeck",1969-10-02,"United States",195,71,"B",0.223255813953488,0.00138453217955652,29967.7127181749
"710","Todd","Walker",1973-05-25,"United States",180,72,"L",0.25609756097561,0.00401546698393813,29967.7127181749
"711","Tim","Wallach",1957-09-14,"United States",220,75,"R",0.236842105263158,0.00210526315789474,29967.7127181749
"712","Tim","Wallach",1957-09-14,"United States",220,75,"R",0.228395061728395,0.00205761316872428,29967.7127181749
"713","Donne","Wall",1967-07-11,"United States",180,73,"R",0.204545454545455,0.00516528925619835,29967.7127181749
"714","Jerome","Walton",1965-07-08,"United States",175,73,"R",0.340425531914894,0.0108646446355817,29967.7127181749
"715","Turner","Ward",1965-04-11,"United States",200,74,"B",0.17910447761194,0.00490086879037648,29967.7127181749
"716","Allen","Watson",1970-11-18,"United States",195,75,"L",0.230769230769231,0.0042603550295858,29967.7127181749
"717","David","Weathers",1969-09-25,"United States",205,75,"R",0.157894736842105,0.0166204986149584,29967.7127181749
"718","Lenny","Webster",1965-02-10,"United States",185,69,"R",0.229885057471264,0.00184964988769983,29967.7127181749
"719","John","Wehner",1967-06-29,"United States",205,75,"R",0.258992805755396,0.0027431292376171,29967.7127181749
"720","Walt","Weiss",1963-11-28,"United States",175,72,"B",0.282398452611219,0.000725806149897676,29967.7127181749
"721","Turk","Wendell",1967-05-19,"United States",185,74,"B",0.5,0.25,29967.7127181749
"722","David","West",1964-09-01,"United States",205,78,"L",0.285714285714286,0.0408163265306122,29967.7127181749
"723","Devon","White",1962-12-29,"Jamaica",170,73,"B",0.273550724637681,0.000823750262549885,2879.65819301448
"724","Mark","Whiten",1966-11-25,"United States",210,75,"B",0.236263736263736,0.00217365052529888,29967.7127181749
"725","Mark","Whiten",1966-11-25,"United States",210,75,"B",0.255555555555556,0.00481481481481482,29967.7127181749
"726","Mark","Whiten",1966-11-25,"United States",210,75,"B",0.3,0.00433673469387755,29967.7127181749
"727","Rondell","White",1972-02-23,"United States",193,73,"R",0.293413173652695,0.00128186740291871,29967.7127181749
"728","Chris","Widger",1971-05-21,"United States",195,75,"R",0.181818181818182,0.0165289256198347,29967.7127181749
"729","Marc","Wilkins",1970-10-21,"United States",205,71,"R",0.222222222222222,0.0246913580246914,29967.7127181749
"730","Rick","Wilkins",1967-06-04,"United States",210,74,"L",0.21259842519685,0.00130200260400521,29967.7127181749
"731","Rick","Wilkins",1967-06-04,"United States",210,74,"L",0.292993630573248,0.00324556777151203,29967.7127181749
"732","Eddie","Williams",1964-11-01,"United States",175,72,"R",0.2,0.00142779881016766,29967.7127181749
"733","Gerald","Williams",1966-08-10,"United States",190,74,"R",0.270386266094421,0.00186041371180165,29967.7127181749
"734","Gerald","Williams",1966-08-10,"United States",190,74,"R",0.206521739130435,0.00271739130434783,29967.7127181749
"735","George","Williams",1969-04-22,"United States",190,70,"B",0.151515151515152,0.00195133149678604,29967.7127181749
"736","Keith","Williams",1972-04-21,"United States",190,72,"R",0.25,0.0125,29967.7127181749
"737","Matt","Williams",1965-11-28,"United States",205,74,"R",0.301980198019802,0.00126213116361141,29967.7127181749
"738","Mike","Williams",1968-07-29,"United States",190,74,"R",0.156862745098039,0.00307574009996155,29967.7127181749
"739","Dan","Wilson",1969-03-25,"United States",190,75,"R",0.285132382892057,0.000904260393809549,29967.7127181749
"740","Desi","Wilson",1969-05-09,"United States",230,79,"L",0.271186440677966,0.00287273771904625,29967.7127181749
"741","Paul","Wilson",1973-03-28,"United States",235,77,"R",0.08,0.0028,29967.7127181749
"742","Mark","Wohlers",1970-01-23,"United States",207,76,"R",0,0,29967.7127181749
"743","Tony","Womack",1969-09-25,"United States",160,69,"L",0.333333333333333,0.0166666666666667,29967.7127181749
"744","Brad","Woodall",1969-06-25,"United States",175,72,"B",0.2,0.04,29967.7127181749
"745","Tim","Worrell",1967-07-05,"United States",210,76,"R",0.15,0.0075,29967.7127181749
"746","Craig","Worthington",1965-04-17,"United States",160,72,"R",0.157894736842105,0.0166204986149584,29967.7127181749
"747","Jamey","Wright",1974-12-24,"United States",240,78,"R",0.0769230769230769,0.00591715976331361,29967.7127181749
"748","Anthony","Young",1966-01-19,"United States",200,74,"R",0,0,29967.7127181749
"749","Dmitri","Young",1973-10-11,"United States",295,74,"B",0.241379310344828,0.00832342449464923,29967.7127181749
"750","Eric","Young",1967-05-18,"United States",180,69,"R",0.323943661971831,0.000740800436421345,29967.7127181749
"751","Ernie","Young",1969-07-08,"United States",190,73,"R",0.242424242424242,0.000918273645546373,29967.7127181749
"752","Kevin","Young",1969-06-16,"United States",210,75,"R",0.242424242424242,0.00355831037649219,29967.7127181749
"753","Gregg","Zaun",1971-04-14,"United States",170,70,"B",0.231481481481481,0.00325788751714678,29967.7127181749
"754","Gregg","Zaun",1971-04-14,"United States",170,70,"B",0.290322580645161,0.0135275754422477,29967.7127181749
"755","Todd","Zeile",1965-09-09,"United States",190,73,"R",0.268,0.000872,29967.7127181749
"756","Todd","Zeile",1965-09-09,"United States",190,73,"R",0.239316239316239,0.0037256191102345,29967.7127181749
"757","Jon","Zuber",1969-12-10,"United States",190,73,"L",0.252747252747253,0.00362275087549813,29967.7127181749
